<?xml version="1.0" encoding="UTF-8"?>
<!DOCTYPE mapper 
   PUBLIC "-//mybatis.org//DTD Mapper 3.0//EN" 
   "http://mybatis.org/dtd/mybatis-3-mapper.dtd">
   
<mapper namespace="Board">

<!-- 게시물 보기 -->
<select id="board_Select" resultType="BoardVo">
	select * from board
	where 1=1
	<if test="ch1=='sname'">
 	<![CDATA[
 		and sname like '%'||#{ch2}||'%'
 	]]>
 	</if>
 	<if test="ch1=='off'">
 	<![CDATA[
		and off like '%'||#{ch2}||'%'
	]]>
	</if>
</select>

<!-- 관리자가 게시물 작성하기 -->
<insert id="board_Insert" parameterType="BoardVo">
 <![CDATA[
 	insert into board(idx, id, rdate, sname, phone, mmenu, open, off, instar, postcode, address, detailAddress, extraAddress, img)
 	 values(board_idx.nextval, #{id}, #{rdate}, #{sname}, #{phone}, #{mmenu}, #{open}, #{off}, #{instar}, #{postcode}, #{address}, #{detailAddress}, #{extraAddress}, #{img})
 ]]>
</insert>

<!-- 게시판 내용보기 -->
<select id="board_Content" resultType="BoardVo" parameterType="BoardVo">
	select * from board where idx=#{idx}
</select>

<!-- 관리자가 게시물 수정하기 -->
<!-- 이미지 수정X -->
<update id="board_Update" parameterType="BoardVo">
	<![CDATA[
		update board set id=#{id}, udate=#{udate}, sname=#{sname}, phone=#{phone}, mmenu=#{mmenu}, open=#{open}, off=#{off}, instar=#{instar}, postcode=#{postcode}, address=#{address}, detailAddress=#{detailAddress}, extraAddress=#{extraAddress} where idx=#{idx}
	]]>
</update>
<!-- 이미지 수정O -->
<update id="board_UpdateFile" parameterType="BoardVo">
	<![CDATA[
		update board set id=#{id}, udate=#{udate}, sname=#{sname}, phone=#{phone}, mmenu=#{mmenu}, open=#{open}, off=#{off}, instar=#{instar}, postcode=#{postcode}, address=#{address}, detailAddress=#{detailAddress}, extraAddress=#{extraAddress}, img=#{img} where idx=#{idx}
	]]>
</update>

<!-- 관리자가 게시물 삭제 -->
<delete id="board_Delete" parameterType="BoardVo">
	delete from board where idx=#{idx}
</delete>
</mapper>