<?xml version="1.0" encoding="UTF-8"?>
<!DOCTYPE mapper 
   PUBLIC "-//mybatis.org//DTD Mapper 3.0//EN" 
   "http://mybatis.org/dtd/mybatis-3-mapper.dtd">
   
<mapper namespace="Total">

<insert id="user_Insert" parameterType="TotalVo">
 <![CDATA[
 	insert into users(id, pwd, name, tel, email, postcode, address, detailAddress, extraAddress)
 	 values(#{id}, #{pwd}, #{name}, #{tel}, #{email}, #{postcode}, #{address}, #{detailAddress}, #{extraAddress})
 ]]>
</insert>

<select id="user_Select" resultType="TotalVo" parameterType="TotalVo">
 	select * from users
 	where 1=1
 	<if test="ch1=='id'">
 	<![CDATA[
 		and id like '%'||#{ch2}||'%'
 	]]>
 	</if>
 	<if test="ch1=='name'">
 	<![CDATA[
		and name like '%'||#{ch2}||'%'
	]]>
	</if>
</select>

<select id="user_LoginCk" resultType="TotalVo" parameterType="TotalVo">
   <![CDATA[   
     select * from users where id=#{id} and pwd=#{pwd}
   ]]>
</select>

<select id="user_UserCk" resultType="TotalVo" parameterType="TotalVo">
   <![CDATA[   
     select * from users where id=#{id}
   ]]>
</select>

<select id="user_Content" resultType="TotalVo" parameterType="TotalVo">
	select * from users where id=#{id}
</select>

<update id="user_Update" parameterType="TotalVo">
	update users set name=#{name}, tel=#{tel}, email=#{email}, postcode=#{postcode}, address=#{address}, detailAddress=#{detailAddress}, extraAddress=#{extraAddress} where id=#{id}
</update>

<delete id="user_Delete" parameterType="TotalVo">
	delete from users where id=#{id}
</delete>






<!-- 게시물 보기 -->
<select id="board_Select" resultType="TotalVo">
	select * from board
	where 1=1
	<if test="ch1=='sname'">
 	<![CDATA[
 		and sname like '%'||#{ch2}||'%'
 	]]>
 	</if>
 	<if test="ch1=='off'">
 	<![CDATA[
		and off like '%'||#{ch2}||'%'
	]]>
	</if>
</select>

<!-- 관리자가 게시물 작성하기 -->
<insert id="board_Insert" parameterType="TotalVo">
 <![CDATA[
 	insert into board(idx, id, rdate, sname, phone, mmenu, open, off, instar, postcode, address, detailAddress, extraAddress, img)
 	 values(board_idx.nextval, #{id}, #{rdate}, #{sname}, #{phone}, #{mmenu}, #{open}, #{off}, #{instar}, #{postcode}, #{address}, #{detailAddress}, #{extraAddress}, #{img})
 ]]>
</insert>

<!-- 게시판 내용보기 -->
<select id="board_Content" resultType="TotalVo" parameterType="TotalVo">
	select * from board where idx=#{idx}
</select>

<!-- 관리자가 게시물 수정하기 -->
<!-- 이미지 수정X -->
<update id="board_Update" parameterType="TotalVo">
	<![CDATA[
		update board set id=#{id}, udate=#{udate}, sname=#{sname}, phone=#{phone}, mmenu=#{mmenu}, open=#{open}, off=#{off}, instar=#{instar}, postcode=#{postcode}, address=#{address}, detailAddress=#{detailAddress}, extraAddress=#{extraAddress} where idx=#{idx}
	]]>
</update>
<!-- 이미지 수정O -->
<update id="board_UpdateFile" parameterType="TotalVo">
	<![CDATA[
		update board set id=#{id}, udate=#{udate}, sname=#{sname}, phone=#{phone}, mmenu=#{mmenu}, open=#{open}, off=#{off}, instar=#{instar}, postcode=#{postcode}, address=#{address}, detailAddress=#{detailAddress}, extraAddress=#{extraAddress}, img=#{img} where idx=#{idx}
	]]>
</update>

<!-- 관리자가 게시물 삭제 -->
<delete id="board_Delete" parameterType="TotalVo">
	delete from board where idx=#{idx}
</delete>









<insert id="comments_Insert" parameterType="TotalVo">
	insert into comments() values()
</insert>

</mapper>