<?xml version="1.0" encoding="UTF-8"?>
<!DOCTYPE mapper 
   PUBLIC "-//mybatis.org//DTD Mapper 3.0//EN" 
   "http://mybatis.org/dtd/mybatis-3-mapper.dtd">
   
<mapper namespace="User">

<insert id="user_Insert" parameterType="UserVo">
 <![CDATA[
 	insert into users(id, pwd, name, tel, email, postcode, address, detailAddress, extraAddress)
 	 values(#{id}, #{pwd}, #{name}, #{tel}, #{email}, #{postcode}, #{address}, #{detailAddress}, #{extraAddress})
 ]]>
</insert>

<select id="user_Select" resultType="UserVo" parameterType="UserVo">
 	select * from users
 	where 1=1
 	<if test="ch1=='id'">
 	<![CDATA[
 		and id like '%'||#{ch2}||'%'
 	]]>
 	</if>
 	<if test="ch1=='name'">
 	<![CDATA[
		and name like '%'||#{ch2}||'%'
	]]>
	</if>
</select>

<select id="user_LoginCk" resultType="UserVo" parameterType="UserVo">
   <![CDATA[   
     select * from users where id=#{id} and pwd=#{pwd}
   ]]>
</select>

<select id="user_UserCk" resultType="UserVo" parameterType="UserVo">
   <![CDATA[   
     select * from users where id=#{id}
   ]]>
</select>

<select id="user_Content" resultType="UserVo" parameterType="UserVo">
	select * from users where id=#{id}
</select>

<update id="user_Update" parameterType="UserVo">
	update users set name=#{name}, tel=#{tel}, email=#{email}, postcode=#{postcode}, address=#{address}, detailAddress=#{detailAddress}, extraAddress=#{extraAddress} where id=#{id}
</update>

<delete id="user_Delete" parameterType="UserVo">
	delete from users where id=#{id}
</delete>

</mapper>