<?xml version="1.0" encoding="UTF-8"?>
<beans xmlns="http://www.springframework.org/schema/beans"
	xmlns:xsi="http://www.w3.org/2001/XMLSchema-instance"
	xmlns:context="http://www.springframework.org/schema/context"
	xmlns:aop="http://www.springframework.org/schema/aop"
	xmlns:tx="http://www.springframework.org/schema/tx"
	xsi:schemaLocation="http://www.springframework.org/schema/beans http://www.springframework.org/schema/beans/spring-beans.xsd
		http://www.springframework.org/schema/context http://www.springframework.org/schema/context/spring-context-4.3.xsd
		http://www.springframework.org/schema/aop http://www.springframework.org/schema/aop/spring-aop-4.3.xsd
		http://www.springframework.org/schema/tx http://www.springframework.org/schema/tx/spring-tx-4.3.xsd">

<context:component-scan base-package="com.springbook.biz" />
  
<context:property-placeholder location="classpath:config/database.properties" />
<bean  id="dataSource"  
       class="org.apache.commons.dbcp.BasicDataSource" 
       destroy-method="close">
                 
	<property name="driverClassName" value="${jdbc.driver}"  />
	<property name="url" value="${jdbc.url}" />
	<property name="username" value="${jdbc.username}" />
	<property name="password" value="${jdbc.password}" />

</bean>

<!-- MyBatis 설정 -->
<bean id="sessionFactory"  class="org.mybatis.spring.SqlSessionFactoryBean" >
  <property name="dataSource"  ref="dataSource" />
  <property name="configLocation"  value="classpath:sql-map-config.xml" />
</bean> 
 
<!-- SqlSessionTemplate 추가 --> 
<bean class="org.mybatis.spring.SqlSessionTemplate" >
	<constructor-arg  ref="sessionFactory"></constructor-arg>
</bean> 

</beans>