<?xml version="1.0" encoding="UTF-8"?>
<!DOCTYPE configuration PUBLIC "-//mybatis.org//DTD Config 3.0 //EN" 
                               "http://mybatis.org/dtd/mybatis-3-config.dtd">

<configuration>

	<typeAliases>
		<typeAlias type="com.springbook.biz.user.UserVo" alias="UserVo" /> <!-- 회원가입, 로그인, 로그아웃 -->
		<typeAlias type="com.springbook.biz.board.BoardVo" alias="BoardVo" /> <!-- 게시물 작성 -->
		<typeAlias type="com.springbook.biz.comments.CommentsVo" alias="CommentsVo" /> <!-- 댓글 -->
		<typeAlias type="com.springbook.biz.total.TotalVo" alias="TotalVo" /> <!-- 전체 -->
	</typeAliases>
	
	<mappers>
		<mapper resource="mappings/user-mapping.xml" />
		<mapper resource="mappings/board-mapping.xml" />
		<mapper resource="mappings/comments-mapping.xml" />
		<mapper resource="mappings/total-mapping.xml" />
	
	</mappers>	

</configuration>